,Molecule,true $D_{o}^{o}$),"Predicted ""$D_{o}^{o}$ (eV)"")",error bars,AE,MAE,SE,RMSE
0,RuC,6.34,6.202053089,1.454907198,0.137946911,0.555281546,0.01902935,0.723526858
1,MoC,5.01,5.930690118,1.416041524,0.920690118,,0.847670294,
2,NbC,5.85,5.4983171,1.311969804,0.3516829,,0.123680862,
3,YC,4.29,4.407850187,1.46323038,0.117850187,,0.013888667,
4,ZnBr,2.454,3.860901557,0.711105432,1.406901557,,1.979371992,
5,SnI,2.88797,3.284587601,0.7679619,0.396617601,,0.157305521,
