,Molecule,true $D_{o}^{o}$ (eV),Predicted $D_{o}^{o}$ (eV),AE,MAE,SE,RMSE
0,RuC,6.34,5.555883418,0.784116582,0.787281537,0.614838814,0.83077048
1,MoC,5.01,5.809079375,0.799079375,,0.638527848,
2,NbC,5.85,5.342257738,0.507742262,,0.257802204,
3,YC,4.29,4.852036662,0.562036662,,0.315885209,
4,ZnBr,2.454,3.780985812,1.326985812,,1.760891346,
5,SnI,2.88797,3.631698529,0.743728529,,0.553132125,
